Antonio;antonio;0xA0c34F2b5daE6dcE9793Fdc28cb736204B8bA429 ;./images/antonio.jpg;0x0464f305c2f49788d8daaaf3f60987f2e69629b7a38e2001344b54efdbeffe9b243117a794b43fd886f0e90820ae06ebed9c4534e83ed3a1c60e04e8838d1fba61
Carlos;carlos;0x59fE090CeccEa96836240f4c846FfE9b555D909c ;./images/carlos.jpg;0x04ba29b4cd958f7e2d44bda0c9f323c0c3780d72caab06ecd0f10d03c9fe19a30afc67ba0ae9479340191a1adc141d364cca18cd4c4073d0ab620074ed034887ca
Carmela;carmela;0xA9aa66D2651b6D132E7F6476Ca75A68e627Ae1a0 ;./images/carmela.jpg;
Cielo;cielo;0xdd370B4b5b4695A605eF6dc313FdFA06E6fB7037 ;./images/cielo.jpg;
Cristina;cristina;0x4ef48DB1f98E086C8435DCA8a36f79Ee88f46Cf5 ;./images/cristina.jpg;
Dario;dario;0x16228E63941bC3ca5bA7Fc7511344dca637A9B8c ;./images/dario.jpg;
Desperado;desperado;0xa6b753EAEc2C2EA4AFc1FcC91ae2836480B2D237;./images/desperado.jpg;0x049895d0873d7afad2c77a6f13e9c9ffe2b4061608bbf35da3f20d6d5b3868c9d6f0f2586283227dd7cba669a045dbe872a111e64b38acba097a19720c8bab72ea
Gabriela;gabriela;0xAAEEC9C58b82160Fcf3505530a49EDe3812c1DA6 ;./images/gabriela.jpg;
Gabriel;gabriel;;./images/gabriel.jpg;
Gloria;gloria;0xAAEEC9C58b82160Fcf3505530a49EDe3812c1DA6;./images/gloria.jpg;0x04f72f983019f3c0f68732004725751e19681c6dee55294934b3b10cb4e7f61959dbfa0548d44659380163dbc2dd0a28c8dab4851f7107019994c423699b2a685e
Guillo;guillo;0xAAEEC9C58b82160Fcf3505530a49EDe3812c1DA6;./images/guillo.jpg;0x042835e61e72af3ce07c465027ec3446b757033b7a96251811b36a45c8ea99559dbb5bd0733a6c0bc25ad1a12fed7667154b1b3bf28e323e56a9df5853e595ddf2
Javi;javi;0x0c73ee8aa1cb7B2bE81546ed4A56455B9EB31371;./images/javi.jpg;
JohnJairo;johnjairo;;./images/johnjairo.jpg;
Manuel;manuel;;./images/manuel.jpg;
Monica;monica;;./images/monica.jpg;
Nico;nico;;./images/nico.jpg;
Nina;nina;;./images/nina.jpg;
Rosa;rosa;0xA0c34F2b5daE6dcE9793Fdc28cb736204B8bA429;./images/rosa.jpg;0x049895d0873d7afad2c77a6f13e9c9ffe2b4061608bbf35da3f20d6d5b3868c9d6f0f2586283227dd7cba669a045dbe872a111e64b38acba097a19720c8bab72ea
Segovro;segovro;0x6b8a71f833549F9f381B02902d46016Da456db68 ;./images/segovro.jpg;0x04a397a6dc5a181bae64faf3cbe8724ebd7e0f276282f7d99df5c9275f1521af6ffb5fccc46d451b9bfa376bfd86f54dc0eb0e6905140b6150f68699f4793039a0
Teresa;teresa;0x59fE090CeccEa96836240f4c846FfE9b555D909c;./images/teresa.jpg;0x04feac33a4d6ea8d11964e1768f3ccb236c8cd51814088e0ed26874c1f260f75d81536e545b018db1f798f0c0c4e853f61f4512e5cbfac55118c5a6db417b029d9
Yago;yago;0x16228E63941bC3ca5bA7Fc7511344dca637A9B8c;./images/yago.jpg;0x04b25d8fd33210ed0647b316ccced3d9bde6a1b6cabdcd2fcce6650f30863a1fc06b98decab1f609bbf6800e63c3b97cc1c8c06eddff49bbcdc12eb0cbffd673eb
;;;;
;;;;
TimeBank;;;./images/timeBank.jpg;
Lets;;;./images/lotus.jpg;
